item_id,count,name
1,18,a
2,85,voluptates
3,1,voluptatum
4,117,aliquam
5,71,explicabo
6,76,accusantium
7,39,beatae
8,72,itaque
9,145,dicta
10,83,minus
11,144,dolores
12,40,quod
13,97,eos
14,9,veritatis
15,133,laborum
16,58,nihil
17,200,recusandae
18,100,rem
19,191,reiciendis
20,54,suscipit
21,41,veniam
22,134,ea
23,64,suscipit
24,160,doloremque
25,118,aliquam
26,118,dolor
27,142,ab
28,122,reprehenderit
29,11,perferendis
30,152,dolorum
31,68,laborum
32,49,numquam
33,45,officia
34,177,nulla
35,147,repellat
36,90,placeat
37,147,dolorem
38,4,ad
39,123,libero
40,86,aperiam
41,56,dicta
42,152,consequuntur
43,178,dolorum
44,179,ea
45,55,provident
46,127,inventore
47,44,non
48,137,magnam
49,89,aperiam
50,137,velit
